epoch, wall, LR,training_loss_f,training_loss_e,training_loss,training_f_mae,training_f_rmse,training_e_rmse,training_e/N_rmse,validation_loss_f,validation_loss_e,validation_loss,validation_f_mae,validation_f_rmse,validation_e_rmse,validation_e/N_rmse
         1,  125.459,    0.005,          0.34752,       0.00099378,          0.34851,         3.93,            6,         7.06,        0.321,          0.17711,       0.00033477,          0.17745,         2.87,         4.28,         4.09,        0.186
         2,  246.507,    0.005,           0.1294,       0.00045662,          0.12986,         2.46,         3.66,         4.79,        0.218,         0.084536,       0.00026325,         0.084799,         2.01,         2.96,         3.63,        0.165
         3,  357.659,    0.005,         0.077647,       0.00027187,         0.077919,         1.95,         2.84,         3.69,        0.168,         0.057834,       0.00018842,         0.058022,          1.7,         2.45,         3.07,         0.14
         4,  473.407,    0.005,         0.059713,       0.00022329,         0.059936,         1.72,         2.49,         3.33,        0.151,         0.045514,       0.00017934,         0.045694,         1.52,         2.17,         2.99,        0.136
         5,  586.778,    0.005,         0.045866,       0.00020267,         0.046069,         1.53,         2.18,         3.19,        0.145,         0.036879,       0.00015546,         0.037034,         1.37,         1.95,         2.79,        0.127
